use carpoolingx;

INSERT INTO carpoolingx.cities (id, name) VALUES (1, 'Sofia');
INSERT INTO carpoolingx.cities (id, name) VALUES (2, 'Plovdiv');
INSERT INTO carpoolingx.cities (id, name) VALUES (3, 'Varna');
INSERT INTO carpoolingx.cities (id, name) VALUES (4, 'Burgas');
INSERT INTO carpoolingx.cities (id, name) VALUES (5, 'Stara Zagora');
INSERT INTO carpoolingx.cities (id, name) VALUES (6, 'Ruse');
INSERT INTO carpoolingx.cities (id, name) VALUES (7, 'Veliko Turnovo');
INSERT INTO carpoolingx.cities (id, name) VALUES (8, 'Vidin');
INSERT INTO carpoolingx.cities (id, name) VALUES (9, 'Pleven');
INSERT INTO carpoolingx.cities (id, name) VALUES (10, 'Pernik');
INSERT INTO carpoolingx.cities (id, name) VALUES (11, 'Shumen');
INSERT INTO carpoolingx.cities (id, name) VALUES (12, 'Haskovo');
INSERT INTO carpoolingx.cities (id, name) VALUES (13, 'Dobrich');
INSERT INTO carpoolingx.cities (id, name) VALUES (14, 'Yambol');
INSERT INTO carpoolingx.cities (id, name) VALUES (15, 'Blagoevgrad');


INSERT INTO carpoolingx.users (user_id, username, password, first_name, last_name, email, phone_number, user_status, is_admin, profile_picture_url) VALUES (1, 'v.stoyanov', 'Venci@123', 'Ventsislav', 'Stoyanov', 'v.stoyanov@example.com', '0889745698', '1', 1, 'https://images.unsplash.com/photo-1568602471122-7832951cc4c5?w=500&auto=format&fit=crop&q=60&ixlib=rb-4.0.3&ixid=M3wxMjA3fDB8MHxzZWFyY2h8Mnx8bWFufGVufDB8fDB8fHww');
INSERT INTO carpoolingx.users (user_id, username, password, first_name, last_name, email, phone_number, user_status, is_admin, profile_picture_url) VALUES (2, 'p.krundev', 'Petar@123', 'Petar', 'Krundev', 'p.krundev@example.com', '0879456987', '1', 1, 'https://images.unsplash.com/photo-1568602471122-7832951cc4c5?w=500&auto=format&fit=crop&q=60&ixlib=rb-4.0.3&ixid=M3wxMjA3fDB8MHxzZWFyY2h8Mnx8bWFufGVufDB8fDB8fHww');
INSERT INTO carpoolingx.users (user_id, username, password, first_name, last_name, email, phone_number, user_status, is_admin, profile_picture_url) VALUES (3, 'd.kovachev', 'Dinko@123', 'Dinko', 'Kovachev', 'd.kovachev@example.com', '0987659873', '1', 1, 'https://static.vecteezy.com/system/resources/previews/020/765/399/non_2x/default-profile-account-unknown-icon-black-silhouette-free-vector.jpg');
INSERT INTO carpoolingx.users (user_id, username, password, first_name, last_name, email, phone_number, user_status, is_admin, profile_picture_url) VALUES (4, 'g.ivanov', 'Georgi@123', 'Georgi', 'Ivanov', 'g.ivanov@example.com', '0886589741', '1', 0, 'https://static.vecteezy.com/system/resources/previews/020/765/399/non_2x/default-profile-account-unknown-icon-black-silhouette-free-vector.jpg');
INSERT INTO carpoolingx.users (user_id, username, password, first_name, last_name, email, phone_number, user_status, is_admin, profile_picture_url) VALUES (5, 'm.petrova', 'Maria@123', 'Maria', 'Petrova', 'm.petrova@example.com', '0789459786', '1', 0, 'https://images.unsplash.com/photo-1664575602554-2087b04935a5?w=500&auto=format&fit=crop&q=60&ixlib=rb-4.0.3&ixid=M3wxMjA3fDB8MHxzZWFyY2h8M3x8d29tYW58ZW58MHx8MHx8fDA%3D');
INSERT INTO carpoolingx.users (user_id, username, password, first_name, last_name, email, phone_number, user_status, is_admin, profile_picture_url) VALUES (6, 'p.marinov', 'Preslav@123', 'Preslav', 'Marinov', 'p.marinov@example.com', '0789659873', '1', 0, 'https://static.vecteezy.com/system/resources/previews/020/765/399/non_2x/default-profile-account-unknown-icon-black-silhouette-free-vector.jpg');
INSERT INTO carpoolingx.users (user_id, username, password, first_name, last_name, email, phone_number, user_status, is_admin, profile_picture_url) VALUES (7, 's.hristov', 'Stanislav@123', 'Stanislav', 'Hristov', 's.hristov@example.com', '0889653212', '2', 0, 'https://static.vecteezy.com/system/resources/previews/020/765/399/non_2x/default-profile-account-unknown-icon-black-silhouette-free-vector.jpg');
INSERT INTO carpoolingx.users (user_id, username, password, first_name, last_name, email, phone_number, user_status, is_admin, profile_picture_url) VALUES (8, 'r.dimitrova', 'Rosica@123', 'Rosica', 'Dimitrova', 'r.dimitrova@example.com', '0879456123', '1', 0, 'https://static.vecteezy.com/system/resources/previews/020/765/399/non_2x/default-profile-account-unknown-icon-black-silhouette-free-vector.jpg');
INSERT INTO carpoolingx.users (user_id, username, password, first_name, last_name, email, phone_number, user_status, is_admin, profile_picture_url) VALUES (9, 'd.tsanev', 'Dimitar@123', 'Dimitar', 'Tsanev', 'd.tsanev@example.com', '0883125478', '2', 0, 'https://static.vecteezy.com/system/resources/previews/020/765/399/non_2x/default-profile-account-unknown-icon-black-silhouette-free-vector.jpg');
INSERT INTO carpoolingx.users (user_id, username, password, first_name, last_name, email, phone_number, user_status, is_admin, profile_picture_url) VALUES (10, 'k.ivanova', 'Karina@123', 'Karina', 'Ivanova', 'k.ivanova@example.com', '0887945699', '1', 0, 'https://images.unsplash.com/photo-1564564321837-a57b7070ac4f?w=500&auto=format&fit=crop&q=60&ixlib=rb-4.0.3&ixid=M3wxMjA3fDB8MHxzZWFyY2h8N3x8bWFufGVufDB8fDB8fHww');
INSERT INTO carpoolingx.users (user_id, username, password, first_name, last_name, email, phone_number, user_status, is_admin, profile_picture_url) VALUES (11, 'p.uzunova', 'Polina@123', 'Polina', 'Uzunova', 'p.uzunova@example.com', '0886444778', '1', 0, 'https://static.vecteezy.com/system/resources/previews/020/765/399/non_2x/default-profile-account-unknown-icon-black-silhouette-free-vector.jpg');
INSERT INTO carpoolingx.users (user_id, username, password, first_name, last_name, email, phone_number, user_status, is_admin, profile_picture_url) VALUES (12, 'a.aleksandrov', 'Aleksandar@123', 'Aleksandar', 'Aleksandrov', 'a.aleksandrov@example.com', '0787441125', '1', 0, 'https://static.vecteezy.com/system/resources/previews/020/765/399/non_2x/default-profile-account-unknown-icon-black-silhouette-free-vector.jpg');
INSERT INTO carpoolingx.users (user_id, username, password, first_name, last_name, email, phone_number, user_status, is_admin, profile_picture_url) VALUES (13, 'n.nikolov', 'Nikola@123', 'Nikola', 'Nikolov', 'n.nikolov@example.com', '0889363632', '1', 0, 'https://static.vecteezy.com/system/resources/previews/020/765/399/non_2x/default-profile-account-unknown-icon-black-silhouette-free-vector.jpg');
INSERT INTO carpoolingx.users (user_id, username, password, first_name, last_name, email, phone_number, user_status, is_admin, profile_picture_url) VALUES (14, 'f.filipov', 'Filip@123', 'Filip', 'Filipov', 'f.filipov@example.com', '0889778589', '0', 0, 'https://static.vecteezy.com/system/resources/previews/020/765/399/non_2x/default-profile-account-unknown-icon-black-silhouette-free-vector.jpg');
INSERT INTO carpoolingx.users (user_id, username, password, first_name, last_name, email, phone_number, user_status, is_admin, profile_picture_url) VALUES (15, 'i.ivanov', 'Ivan@123', 'Ivan', 'Ivanov', 'i.ivanov@example.com', '0889663589', '3', 0, 'https://static.vecteezy.com/system/resources/previews/020/765/399/non_2x/default-profile-account-unknown-icon-black-silhouette-free-vector.jpg');

INSERT INTO carpoolingx.travels (travel_id, start_point, end_point, departure_time, free_spots, is_deleted, user_id, travel_status, distance_travel, duration_travel, comment_travel) VALUES (1, 'Plovdiv', 'Sofia', '2020-07-30 21:00:00', 4, 0, 1, 'COMPLETED', 0, 0, 'comment');
INSERT INTO carpoolingx.travels (travel_id, start_point, end_point, departure_time, free_spots, is_deleted, user_id, travel_status, distance_travel, duration_travel, comment_travel) VALUES (2, 'Plovdiv', 'Varna', '2020-07-30 21:00:00', 4, 0, 1, 'AVAILABLE', 0, 0, 'comment');
INSERT INTO carpoolingx.travels (travel_id, start_point, end_point, departure_time, free_spots, is_deleted, user_id, travel_status, distance_travel, duration_travel, comment_travel) VALUES (5, 'Plovdiv', 'Burgas', '2020-07-30 21:00:00', 4, 0, 2, 'AVAILABLE', 0, 0, 'comment');
INSERT INTO carpoolingx.travels (travel_id, start_point, end_point, departure_time, free_spots, is_deleted, user_id, travel_status, distance_travel, duration_travel, comment_travel) VALUES (6, 'Plovdiv', 'Smolyan', '2020-07-30 21:00:00', 4, 0, 2, 'AVAILABLE', 0, 0, 'comment');
INSERT INTO carpoolingx.travels (travel_id, start_point, end_point, departure_time, free_spots, is_deleted, user_id, travel_status, distance_travel, duration_travel, comment_travel) VALUES (7, 'Smolyan', 'Sofia', '2020-07-30 21:00:00', 4, 0, 3, 'AVAILABLE', 0, 0, 'comment');
INSERT INTO carpoolingx.travels (travel_id, start_point, end_point, departure_time, free_spots, is_deleted, user_id, travel_status, distance_travel, duration_travel, comment_travel) VALUES (8, 'Burgas', 'Sofia', '2020-07-30 21:00:00', 4, 0, 3, 'AVAILABLE', 0, 0, 'comment');
INSERT INTO carpoolingx.travels (travel_id, start_point, end_point, departure_time, free_spots, is_deleted, user_id, travel_status, distance_travel, duration_travel, comment_travel) VALUES (9, 'Varna', 'Sofia', '2020-07-30 21:00:00', 4, 0, 3, 'AVAILABLE', 0, 0, 'comment');
INSERT INTO carpoolingx.travels (travel_id, start_point, end_point, departure_time, free_spots, is_deleted, user_id, travel_status, distance_travel, duration_travel, comment_travel) VALUES (10, 'Sofia', 'Plovdiv', '2020-07-30 21:00:00', 4, 0, 4, 'AVAILABLE', 0, 0, 'comment');
INSERT INTO carpoolingx.travels (travel_id, start_point, end_point, departure_time, free_spots, is_deleted, user_id, travel_status, distance_travel, duration_travel, comment_travel) VALUES (11, 'Sofia', 'Varna', '2020-07-30 21:00:00', 4, 0, 4, 'AVAILABLE', 0, 0, 'comment');
INSERT INTO carpoolingx.travels (travel_id, start_point, end_point, departure_time, free_spots, is_deleted, user_id, travel_status, distance_travel, duration_travel, comment_travel) VALUES (12, 'Sofia', 'Burgas', '2020-07-30 21:00:00', 4, 0, 4, 'AVAILABLE', 0, 0, 'comment');
INSERT INTO carpoolingx.travels (travel_id, start_point, end_point, departure_time, free_spots, is_deleted, user_id, travel_status, distance_travel, duration_travel, comment_travel) VALUES (13, 'Sofia', 'Smolyan', '2020-07-30 21:00:00', 4, 0, 5, 'AVAILABLE', 0, 0, 'comment');
INSERT INTO carpoolingx.travels (travel_id, start_point, end_point, departure_time, free_spots, is_deleted, user_id, travel_status, distance_travel, duration_travel, comment_travel) VALUES (14, 'Sofia', 'Gabrovo', '2020-07-30 21:00:00', 4, 0, 5, 'AVAILABLE', 0, 0, 'comment');
INSERT INTO carpoolingx.travels (travel_id, start_point, end_point, departure_time, free_spots, is_deleted, user_id, travel_status, distance_travel, duration_travel, comment_travel) VALUES (15, 'Sofia', 'Ruse', '2020-07-30 21:00:00', 4, 0, 5, 'AVAILABLE', 0, 0, 'comment');
INSERT INTO carpoolingx.travels (travel_id, start_point, end_point, departure_time, free_spots, is_deleted, user_id, travel_status, distance_travel, duration_travel, comment_travel) VALUES (16, 'Plovdiv', 'Sofia', '2020-07-30 21:00:00', 4, 0, 6, 'AVAILABLE', 0, 0, 'comment');
INSERT INTO carpoolingx.travels (travel_id, start_point, end_point, departure_time, free_spots, is_deleted, user_id, travel_status, distance_travel, duration_travel, comment_travel) VALUES (17, 'Plovdiv', 'Varna', '2020-07-30 21:00:00', 4, 0, 6, 'AVAILABLE', 0, 0, 'comment');
INSERT INTO carpoolingx.travels (travel_id, start_point, end_point, departure_time, free_spots, is_deleted, user_id, travel_status, distance_travel, duration_travel, comment_travel) VALUES (18, 'Plovdiv', 'Burgas', '2020-07-30 21:00:00', 4, 0, 7, 'AVAILABLE', 0, 0, 'comment');
INSERT INTO carpoolingx.travels (travel_id, start_point, end_point, departure_time, free_spots, is_deleted, user_id, travel_status, distance_travel, duration_travel, comment_travel) VALUES (19, 'Plovdiv', 'Smolyan', '2020-07-30 21:00:00', 4, 0, 7, 'AVAILABLE', 0, 0, 'comment');
INSERT INTO carpoolingx.travels (travel_id, start_point, end_point, departure_time, free_spots, is_deleted, user_id, travel_status, distance_travel, duration_travel, comment_travel) VALUES (20, 'Smolyan', 'Sofia', '2020-07-30 21:00:00', 4, 0, 8, 'AVAILABLE', 0, 0, 'comment');
INSERT INTO carpoolingx.travels (travel_id, start_point, end_point, departure_time, free_spots, is_deleted, user_id, travel_status, distance_travel, duration_travel, comment_travel) VALUES (21, 'Burgas', 'Sofia', '2020-07-30 21:00:00', 4, 0, 8, 'AVAILABLE', 0, 0, 'comment');
INSERT INTO carpoolingx.travels (travel_id, start_point, end_point, departure_time, free_spots, is_deleted, user_id, travel_status, distance_travel, duration_travel, comment_travel) VALUES (22, 'Varna', 'Sofia', '2020-07-30 21:00:00', 4, 0, 8, 'AVAILABLE', 0, 0, 'comment');
INSERT INTO carpoolingx.travels (travel_id, start_point, end_point, departure_time, free_spots, is_deleted, user_id, travel_status, distance_travel, duration_travel, comment_travel) VALUES (23, 'Sofia', 'Plovdiv', '2020-07-30 21:00:00', 4, 0, 9, 'AVAILABLE', 0, 0, 'comment');
INSERT INTO carpoolingx.travels (travel_id, start_point, end_point, departure_time, free_spots, is_deleted, user_id, travel_status, distance_travel, duration_travel, comment_travel) VALUES (24, 'Sofia', 'Varna', '2020-07-30 21:00:00', 4, 0, 9, 'AVAILABLE', 0, 0, 'comment');
INSERT INTO carpoolingx.travels (travel_id, start_point, end_point, departure_time, free_spots, is_deleted, user_id, travel_status, distance_travel, duration_travel, comment_travel) VALUES (25, 'Sofia', 'Burgas', '2020-07-30 21:00:00', 4, 0, 10, 'AVAILABLE', 0, 0, 'comment');
INSERT INTO carpoolingx.travels (travel_id, start_point, end_point, departure_time, free_spots, is_deleted, user_id, travel_status, distance_travel, duration_travel, comment_travel) VALUES (26, 'Sofia', 'Smolyan', '2020-07-30 21:00:00', 4, 0, 11, 'AVAILABLE', 0, 0, 'comment');
INSERT INTO carpoolingx.travels (travel_id, start_point, end_point, departure_time, free_spots, is_deleted, user_id, travel_status, distance_travel, duration_travel, comment_travel) VALUES (27, 'Sofia', 'Gabrovo', '2020-07-30 21:00:00', 4, 0, 11, 'AVAILABLE', 0, 0, 'comment');
INSERT INTO carpoolingx.travels (travel_id, start_point, end_point, departure_time, free_spots, is_deleted, user_id, travel_status, distance_travel, duration_travel, comment_travel) VALUES (28, 'Sofia', 'Ruse', '2020-07-30 21:00:00', 4, 0, 12, 'AVAILABLE', 0, 0, 'comment');


INSERT INTO carpoolingx.feedbacks (id, rating, giver_id, receiver_id, from_driver_to_passenger, comment, travel_id) VALUES (1, 5, 2, 1, 1, 'Incredible trip! Highly recommend!', 1);
INSERT INTO carpoolingx.feedbacks (id, rating, giver_id, receiver_id, from_driver_to_passenger, comment, travel_id) VALUES (2, 4, 3, 1, 1, 'Unforgettable trip! Can\'t wait to go back!', 1);
INSERT INTO carpoolingx.feedbacks (id, rating, giver_id, receiver_id, from_driver_to_passenger, comment, travel_id) VALUES (3, 4, 4, 1, 1, 'Exceptional adventure! Perfect getaway spot!', 1);
INSERT INTO carpoolingx.feedbacks (id, rating, giver_id, receiver_id, from_driver_to_passenger, comment, travel_id) VALUES (4, 5, 5, 1, 1, 'Fantastic journey! Loved every moment!', 1);
